﻿{
  "Enums": [
    {
      "EnumItems": [
        {
          "SortIndex": 1,
          "SystemName": "One",
          "Name": "One",
          "Description": null
        },
        {
          "SortIndex": 2,
          "SystemName": "Two",
          "Name": "Two",
          "Description": null
        },
        {
          "SortIndex": 3,
          "SystemName": "Three",
          "Name": "Three",
          "Description": null
        }
      ],
      "SystemName": "Preference",
      "Name": "Preference",
      "Description": null
    },
    {
      "EnumItems": [
        {
          "SortIndex": 1,
          "SystemName": "Da",
          "Name": "Да",
          "Description": null
        },
        {
          "SortIndex": 2,
          "SystemName": "Net",
          "Name": "Нет",
          "Description": null
        }
      ],
      "SystemName": "BulevoLogicheskoe",
      "Name": "Булево (логическое)",
      "Description": null
    }
  ],
  "Documents": [
    {
      "Tabs": [
        {
          "Forms": [
            {
              "JoinName": "join form #1",
              "IsTable": false,
              "SimpleFields": [
                {
                  "TypeField": 10,
                  "MetadataValueType": null,
                  "TypeData": "string",
                  "Hint": null,
                  "Required": false,
                  "Css": "col-12",
                  "SortIndex": 1,
                  "SystemName": "TestText",
                  "Name": "Test text",
                  "Description": null
                }
              ],
              "FieldsAtDirectories": [
                {
                  "DirectorySystemName": "BulevoLogicheskoe",
                  "IsMultiSelect": true,
                  "Hint": null,
                  "Required": false,
                  "Css": "col-12",
                  "SortIndex": 2,
                  "SystemName": "TestDirectory",
                  "Name": "Test Directory",
                  "Description": null
                }
              ],
              "Css": "row",
              "SortIndex": 1,
              "SystemName": "BootstrapFormDemo1",
              "Name": "Bootstrap form (demo 1)",
              "Description": "<p>seed data (1) for debug</p>"
            },
            {
              "JoinName": "join form #2",
              "IsTable": false,
              "SimpleFields": [
                {
                  "TypeField": 10,
                  "MetadataValueType": null,
                  "TypeData": "string",
                  "Hint": null,
                  "Required": false,
                  "Css": "col-md-6",
                  "SortIndex": 1,
                  "SystemName": "Email",
                  "Name": "Email",
                  "Description": null
                },
                {
                  "TypeField": 20,
                  "MetadataValueType": null,
                  "TypeData": "string",
                  "Hint": null,
                  "Required": false,
                  "Css": "col-md-6",
                  "SortIndex": 2,
                  "SystemName": "Password",
                  "Name": "Password",
                  "Description": null
                },
                {
                  "TypeField": 10,
                  "MetadataValueType": "{\"Placeholder\":\"1234 Main St\"}",
                  "TypeData": "string",
                  "Hint": null,
                  "Required": false,
                  "Css": "col-12",
                  "SortIndex": 3,
                  "SystemName": "Address",
                  "Name": "Address",
                  "Description": null
                },
                {
                  "TypeField": 10,
                  "MetadataValueType": "{\"Placeholder\":\"Apartment, studio, or floor\"}",
                  "TypeData": "string",
                  "Hint": null,
                  "Required": false,
                  "Css": "col-12",
                  "SortIndex": 4,
                  "SystemName": "Address2",
                  "Name": "Address 2",
                  "Description": null
                },
                {
                  "TypeField": 10,
                  "MetadataValueType": null,
                  "TypeData": "string",
                  "Hint": null,
                  "Required": false,
                  "Css": "col-md-6",
                  "SortIndex": 5,
                  "SystemName": "City",
                  "Name": "City",
                  "Description": null
                },
                {
                  "TypeField": 10,
                  "MetadataValueType": null,
                  "TypeData": "string",
                  "Hint": null,
                  "Required": false,
                  "Css": "col-md-2",
                  "SortIndex": 7,
                  "SystemName": "Zip",
                  "Name": "Zip",
                  "Description": null
                },
                {
                  "TypeField": 50,
                  "MetadataValueType": null,
                  "TypeData": "bool",
                  "Hint": null,
                  "Required": false,
                  "Css": "col-12",
                  "SortIndex": 8,
                  "SystemName": "CheckMeOut",
                  "Name": "Check me out",
                  "Description": null
                }
              ],
              "FieldsAtDirectories": [
                {
                  "DirectorySystemName": "Preference",
                  "IsMultiSelect": false,
                  "Hint": null,
                  "Required": false,
                  "Css": "col-md-4",
                  "SortIndex": 6,
                  "SystemName": "State",
                  "Name": "State",
                  "Description": null
                }
              ],
              "Css": "row g-3",
              "SortIndex": 2,
              "SystemName": "BootstrapFormDemo2",
              "Name": "Bootstrap form (demo 2)",
              "Description": "<p>seed data (2) for debug</p>"
            }
          ],
          "SortIndex": 1,
          "SystemName": "DemoTab1",
          "Name": "Demo tab 1",
          "Description": null
        },
        {
          "Forms": [
            {
              "JoinName": "join form #3",
              "IsTable": true,
              "SimpleFields": [
                {
                  "TypeField": 10,
                  "MetadataValueType": null,
                  "TypeData": "string",
                  "Hint": null,
                  "Required": false,
                  "Css": "col-12",
                  "SortIndex": 1,
                  "SystemName": "TestText",
                  "Name": "Test text",
                  "Description": null
                }
              ],
              "FieldsAtDirectories": [
                {
                  "DirectorySystemName": "BulevoLogicheskoe",
                  "IsMultiSelect": true,
                  "Hint": null,
                  "Required": false,
                  "Css": "col-12",
                  "SortIndex": 2,
                  "SystemName": "TestDirectory",
                  "Name": "Test Directory",
                  "Description": null
                }
              ],
              "Css": "row",
              "SortIndex": 1,
              "SystemName": "BootstrapFormDemo1",
              "Name": "Bootstrap form (demo 1)",
              "Description": "<p>seed data (1) for debug</p>"
            }
          ],
          "SortIndex": 2,
          "SystemName": "DemoTab2",
          "Name": "Demo tab 2",
          "Description": null
        }
      ],
      "SystemName": "DemoDocument",
      "Name": "Demo document",
      "Description": null
    }
  ]
}
